{
    "epoch": 4.972624798711755,
    "eval_loss": 0.21026435494422913,
    "eval_runtime": 44.3078,
    "eval_samples_per_second": 12.458,
    "eval_steps_per_second": 12.458
}